<?xml version="1.0" encoding="UTF-8"?>
<project-private xmlns="http://www.netbeans.org/ns/project-private/1">
    <editor-bookmarks xmlns="http://www.netbeans.org/ns/editor-bookmarks/2" lastBookmarkId="0"/>
    <open-files xmlns="http://www.netbeans.org/ns/projectui-open-files/2">
        <group>
            <file>file:/C:/Users/nenis/OneDrive/Documentos/NetBeansProjects/Ropa_1937845/src/java/principal/Conexion.java</file>
            <file>file:/C:/Users/nenis/OneDrive/Documentos/NetBeansProjects/Ropa_1937845/src/java/Clases/Singleton.java</file>
            <file>file:/C:/Users/nenis/OneDrive/Documentos/NetBeansProjects/Ropa_1937845/src/java/principal/Principal.java</file>
            <file>file:/C:/Users/nenis/OneDrive/Documentos/NetBeansProjects/Ropa_1937845/src/java/Clases/Payment.java</file>
            <file>file:/C:/Users/nenis/OneDrive/Documentos/NetBeansProjects/Ropa_1937845/src/java/Clases/CardPayment.java</file>
            <file>file:/C:/Users/nenis/OneDrive/Documentos/NetBeansProjects/Ropa_1937845/src/java/Clases/PaypalPayment.java</file>
            <file>file:/C:/Users/nenis/OneDrive/Documentos/NetBeansProjects/Ropa_1937845/src/java/Clases/WireTransferPayment.java</file>
            <file>file:/C:/Users/nenis/OneDrive/Documentos/NetBeansProjects/Ropa_1937845/src/java/Clases/PaymentFactory.java</file>
            <file>file:/C:/Users/nenis/OneDrive/Documentos/NetBeansProjects/Ropa_1937845/src/java/Clases/MainPayment.java</file>
        </group>
    </open-files>
</project-private>
